<?xml version="1.0" encoding="UTF-8"?>
<project-private xmlns="http://www.netbeans.org/ns/project-private/1">
    <editor-bookmarks xmlns="http://www.netbeans.org/ns/editor-bookmarks/2" lastBookmarkId="0"/>
    <open-files xmlns="http://www.netbeans.org/ns/projectui-open-files/2">
        <group>
            <file>file:/C:/Users/smithk9202/Desktop/JOptionPane_SmithKayla/src/joptionpane_smithkayla/Rectangle.java</file>
            <file>file:/C:/Users/smithk9202/Desktop/JOptionPane_SmithKayla/src/joptionpane_smithkayla/Circle.java</file>
            <file>file:/C:/Users/smithk9202/Desktop/JOptionPane_SmithKayla/src/joptionpane_smithkayla/JOptionPane_SmithKayla.java</file>
            <file>file:/C:/Users/smithk9202/Desktop/JOptionPane_SmithKayla/src/joptionpane_smithkayla/Menu.java</file>
        </group>
    </open-files>
</project-private>
